Bifaciality Factor,Albedo,Tracking Strategy,Annual Bifacial Ratio,Annual Front Side (W/m2),Annual Back Side (W/m2),Filename
0.0,0.7,80pct,0.0,610.41175,0.0,bifaciality_factor_analysis_80pct.csv
0.05,0.7,80pct,0.0015000417750805,610.41175,18.3128625,bifaciality_factor_analysis_80pct.csv
0.1,0.7,80pct,0.006000167100322,610.41175,36.625725,bifaciality_factor_analysis_80pct.csv
0.15,0.7,80pct,0.0135003759757245,610.41175,54.93858750000001,bifaciality_factor_analysis_80pct.csv
0.2,0.7,80pct,0.0240006684012881,610.41175,73.25145,bifaciality_factor_analysis_80pct.csv
0.25,0.7,80pct,0.0375010443770127,610.41175,91.5643125,bifaciality_factor_analysis_80pct.csv
0.3,0.7,80pct,0.0540015039028983,610.41175,109.87717500000002,bifaciality_factor_analysis_80pct.csv
0.35,0.7,80pct,0.0735020469789449,610.41175,128.19003750000002,bifaciality_factor_analysis_80pct.csv
0.4,0.7,80pct,0.0960026736051526,610.41175,146.5029,bifaciality_factor_analysis_80pct.csv
0.45,0.7,80pct,0.1215033837815212,610.41175,164.8157625,bifaciality_factor_analysis_80pct.csv
0.5,0.7,80pct,0.1500041775080509,610.41175,183.128625,bifaciality_factor_analysis_80pct.csv
0.55,0.7,80pct,0.1815050547847416,610.41175,201.4414875,bifaciality_factor_analysis_80pct.csv
0.6000000000000001,0.7,80pct,0.2160060156115934,610.41175,219.75435000000004,bifaciality_factor_analysis_80pct.csv
0.65,0.7,80pct,0.253507059988606,610.41175,238.0672125,bifaciality_factor_analysis_80pct.csv
0.7000000000000001,0.7,80pct,0.2940081879157799,610.41175,256.38007500000003,bifaciality_factor_analysis_80pct.csv
0.75,0.7,80pct,0.3375093993931145,610.41175,274.6929375,bifaciality_factor_analysis_80pct.csv
0.8,0.7,80pct,0.3840106944206104,610.41175,293.0058,bifaciality_factor_analysis_80pct.csv
0.8500000000000001,0.7,80pct,0.4335120729982672,610.41175,311.3186625,bifaciality_factor_analysis_80pct.csv
0.9,0.7,80pct,0.486013535126085,610.41175,329.631525,bifaciality_factor_analysis_80pct.csv
0.95,0.7,80pct,0.5415150808040639,610.41175,347.9443875,bifaciality_factor_analysis_80pct.csv
1.0,0.7,80pct,0.6000167100322037,610.41175,366.25725,bifaciality_factor_analysis_80pct.csv
0.0,0.7,plus5,0.0,569.0815,0.0,bifaciality_factor_analysis_plus5.csv
0.05,0.7,plus5,0.0016177087552485,569.0815,18.4121625,bifaciality_factor_analysis_plus5.csv
0.1,0.7,plus5,0.0064708350209943,569.0815,36.824325,bifaciality_factor_analysis_plus5.csv
0.15,0.7,plus5,0.0145593787972373,569.0815,55.23648750000001,bifaciality_factor_analysis_plus5.csv
0.2,0.7,plus5,0.0258833400839774,569.0815,73.64865,bifaciality_factor_analysis_plus5.csv
0.25,0.7,plus5,0.0404427188812147,569.0815,92.0608125,bifaciality_factor_analysis_plus5.csv
0.3,0.7,plus5,0.0582375151889492,569.0815,110.47297500000002,bifaciality_factor_analysis_plus5.csv
0.35,0.7,plus5,0.0792677290071808,569.0815,128.8851375,bifaciality_factor_analysis_plus5.csv
0.4,0.7,plus5,0.1035333603359097,569.0815,147.2973,bifaciality_factor_analysis_plus5.csv
0.45,0.7,plus5,0.1310344091751357,569.0815,165.7094625,bifaciality_factor_analysis_plus5.csv
0.5,0.7,plus5,0.1617708755248589,569.0815,184.121625,bifaciality_factor_analysis_plus5.csv
0.55,0.7,plus5,0.1957427593850793,569.0815,202.5337875,bifaciality_factor_analysis_plus5.csv
0.6000000000000001,0.7,plus5,0.2329500607557969,569.0815,220.94595000000004,bifaciality_factor_analysis_plus5.csv
0.65,0.7,plus5,0.2733927796370116,569.0815,239.3581125,bifaciality_factor_analysis_plus5.csv
0.7000000000000001,0.7,plus5,0.3170709160287235,569.0815,257.770275,bifaciality_factor_analysis_plus5.csv
0.75,0.7,plus5,0.3639844699309325,569.0815,276.1824375,bifaciality_factor_analysis_plus5.csv
0.8,0.7,plus5,0.4141334413436389,569.0815,294.5946,bifaciality_factor_analysis_plus5.csv
0.8500000000000001,0.7,plus5,0.4675178302668423,569.0815,313.00676250000004,bifaciality_factor_analysis_plus5.csv
0.9,0.7,plus5,0.5241376367005429,569.0815,331.418925,bifaciality_factor_analysis_plus5.csv
0.95,0.7,plus5,0.5839928606447408,569.0815,349.8310875,bifaciality_factor_analysis_plus5.csv
1.0,0.7,plus5,0.6470835020994357,569.0815,368.24325,bifaciality_factor_analysis_plus5.csv
0.0,0.2,tracking_classic,0.0,545.674,0.0,bifaciality_factor_analysis_tracking_classic.csv
0.05,0.2,tracking_classic,0.0006795025509736,545.674,7.415737499999999,bifaciality_factor_analysis_tracking_classic.csv
0.1,0.2,tracking_classic,0.0027180102038946,545.674,14.831474999999998,bifaciality_factor_analysis_tracking_classic.csv
0.15,0.2,tracking_classic,0.0061155229587629,545.674,22.2472125,bifaciality_factor_analysis_tracking_classic.csv
0.2,0.2,tracking_classic,0.0108720408155785,545.674,29.662949999999995,bifaciality_factor_analysis_tracking_classic.csv
0.25,0.2,tracking_classic,0.0169875637743414,545.674,37.0786875,bifaciality_factor_analysis_tracking_classic.csv
0.3,0.2,tracking_classic,0.0244620918350517,545.674,44.494425,bifaciality_factor_analysis_tracking_classic.csv
0.35,0.2,tracking_classic,0.0332956249977092,545.674,51.9101625,bifaciality_factor_analysis_tracking_classic.csv
0.4,0.2,tracking_classic,0.0434881632623141,545.674,59.32589999999999,bifaciality_factor_analysis_tracking_classic.csv
0.45,0.2,tracking_classic,0.0550397066288663,545.674,66.7416375,bifaciality_factor_analysis_tracking_classic.csv
0.5,0.2,tracking_classic,0.0679502550973658,545.674,74.15737499999999,bifaciality_factor_analysis_tracking_classic.csv
0.55,0.2,tracking_classic,0.0822198086678126,545.674,81.5731125,bifaciality_factor_analysis_tracking_classic.csv
0.6000000000000001,0.2,tracking_classic,0.0978483673402068,545.674,88.98885,bifaciality_factor_analysis_tracking_classic.csv
0.65,0.2,tracking_classic,0.1148359311145482,545.674,96.4045875,bifaciality_factor_analysis_tracking_classic.csv
0.7000000000000001,0.2,tracking_classic,0.133182499990837,545.674,103.820325,bifaciality_factor_analysis_tracking_classic.csv
0.75,0.2,tracking_classic,0.152888073969073,545.674,111.23606249999996,bifaciality_factor_analysis_tracking_classic.csv
0.8,0.2,tracking_classic,0.1739526530492565,545.674,118.65179999999998,bifaciality_factor_analysis_tracking_classic.csv
0.8500000000000001,0.2,tracking_classic,0.1963762372313872,545.674,126.0675375,bifaciality_factor_analysis_tracking_classic.csv
0.9,0.2,tracking_classic,0.2201588265154652,545.674,133.483275,bifaciality_factor_analysis_tracking_classic.csv
0.95,0.2,tracking_classic,0.2453004209014906,545.674,140.8990125,bifaciality_factor_analysis_tracking_classic.csv
1.0,0.2,tracking_classic,0.2718010203894632,545.674,148.31474999999998,bifaciality_factor_analysis_tracking_classic.csv
0.0,0.2,80pct,0.0,588.1802499999999,0.0,resultados.csv
0.05,0.2,80pct,0.0005489866839289,588.1802499999999,6.4580625000000005,resultados.csv
0.1,0.2,80pct,0.0021959467357157,588.1802499999999,12.916125,resultados.csv
0.15,0.2,80pct,0.0049408801553605,588.1802499999999,19.3741875,resultados.csv
0.2,0.2,80pct,0.0087837869428631,588.1802499999999,25.83225,resultados.csv
0.25,0.2,80pct,0.0137246670982237,588.1802499999999,32.2903125,resultados.csv
0.3,0.2,80pct,0.0197635206214421,588.1802499999999,38.748375,resultados.csv
0.35,0.2,80pct,0.0269003475125184,588.1802499999999,45.2064375,resultados.csv
0.4,0.2,80pct,0.0351351477714527,588.1802499999999,51.6645,resultados.csv
0.45,0.2,80pct,0.0444679213982448,588.1802499999999,58.1225625,resultados.csv
0.5,0.2,80pct,0.0548986683928948,588.1802499999999,64.580625,resultados.csv
0.55,0.2,80pct,0.0664273887554028,588.1802499999999,71.03868750000001,resultados.csv
0.6000000000000001,0.2,80pct,0.0790540824857686,588.1802499999999,77.49675,resultados.csv
0.65,0.2,80pct,0.0927787495839923,588.1802499999999,83.9548125,resultados.csv
0.7000000000000001,0.2,80pct,0.1076013900500739,588.1802499999999,90.412875,resultados.csv
0.75,0.2,80pct,0.1235220038840134,588.1802499999999,96.8709375,resultados.csv
0.8,0.2,80pct,0.1405405910858109,588.1802499999999,103.329,resultados.csv
0.8500000000000001,0.2,80pct,0.1586571516554662,588.1802499999999,109.7870625,resultados.csv
0.9,0.2,80pct,0.1778716855929794,588.1802499999999,116.245125,resultados.csv
0.95,0.2,80pct,0.1981841928983505,588.1802499999999,122.7031875,resultados.csv
1.0,0.2,80pct,0.2195946735715795,588.1802499999999,129.16125,resultados.csv
0.0,0.7,plus5,0.0,569.0815,0.0,resultados.csv
0.05,0.7,plus5,0.0016177087552485,569.0815,18.4121625,resultados.csv
0.1,0.7,plus5,0.0064708350209943,569.0815,36.824325,resultados.csv
0.15,0.7,plus5,0.0145593787972373,569.0815,55.23648750000001,resultados.csv
0.2,0.7,plus5,0.0258833400839774,569.0815,73.64865,resultados.csv
0.25,0.7,plus5,0.0404427188812147,569.0815,92.0608125,resultados.csv
0.3,0.7,plus5,0.0582375151889492,569.0815,110.47297500000002,resultados.csv
0.35,0.7,plus5,0.0792677290071808,569.0815,128.8851375,resultados.csv
0.4,0.7,plus5,0.1035333603359097,569.0815,147.2973,resultados.csv
0.45,0.7,plus5,0.1310344091751357,569.0815,165.7094625,resultados.csv
0.5,0.7,plus5,0.1617708755248589,569.0815,184.121625,resultados.csv
0.55,0.7,plus5,0.1957427593850793,569.0815,202.5337875,resultados.csv
0.6000000000000001,0.7,plus5,0.2329500607557969,569.0815,220.94595000000004,resultados.csv
0.65,0.7,plus5,0.2733927796370116,569.0815,239.3581125,resultados.csv
0.7000000000000001,0.7,plus5,0.3170709160287235,569.0815,257.770275,resultados.csv
0.75,0.7,plus5,0.3639844699309325,569.0815,276.1824375,resultados.csv
0.8,0.7,plus5,0.4141334413436389,569.0815,294.5946,resultados.csv
0.8500000000000001,0.7,plus5,0.4675178302668423,569.0815,313.00676250000004,resultados.csv
0.9,0.7,plus5,0.5241376367005429,569.0815,331.418925,resultados.csv
0.95,0.7,plus5,0.5839928606447408,569.0815,349.8310875,resultados.csv
1.0,0.7,plus5,0.6470835020994357,569.0815,368.24325,resultados.csv
0.0,0.2,tracking_classic,0.0,545.674,0.0,resultados.csv
0.05,0.2,tracking_classic,0.0006795025509736,545.674,7.415737499999999,resultados.csv
0.1,0.2,tracking_classic,0.0027180102038946,545.674,14.831474999999998,resultados.csv
0.15,0.2,tracking_classic,0.0061155229587629,545.674,22.2472125,resultados.csv
0.2,0.2,tracking_classic,0.0108720408155785,545.674,29.662949999999995,resultados.csv
0.25,0.2,tracking_classic,0.0169875637743414,545.674,37.0786875,resultados.csv
0.3,0.2,tracking_classic,0.0244620918350517,545.674,44.494425,resultados.csv
0.35,0.2,tracking_classic,0.0332956249977092,545.674,51.9101625,resultados.csv
0.4,0.2,tracking_classic,0.0434881632623141,545.674,59.32589999999999,resultados.csv
0.45,0.2,tracking_classic,0.0550397066288663,545.674,66.7416375,resultados.csv
0.5,0.2,tracking_classic,0.0679502550973658,545.674,74.15737499999999,resultados.csv
0.55,0.2,tracking_classic,0.0822198086678126,545.674,81.5731125,resultados.csv
0.6000000000000001,0.2,tracking_classic,0.0978483673402068,545.674,88.98885,resultados.csv
0.65,0.2,tracking_classic,0.1148359311145482,545.674,96.4045875,resultados.csv
0.7000000000000001,0.2,tracking_classic,0.133182499990837,545.674,103.820325,resultados.csv
0.75,0.2,tracking_classic,0.152888073969073,545.674,111.23606249999996,resultados.csv
0.8,0.2,tracking_classic,0.1739526530492565,545.674,118.65179999999998,resultados.csv
0.8500000000000001,0.2,tracking_classic,0.1963762372313872,545.674,126.0675375,resultados.csv
0.9,0.2,tracking_classic,0.2201588265154652,545.674,133.483275,resultados.csv
0.95,0.2,tracking_classic,0.2453004209014906,545.674,140.8990125,resultados.csv
1.0,0.2,tracking_classic,0.2718010203894632,545.674,148.31474999999998,resultados.csv
0.0,0.7,plus5,0.0,569.0815,0.0,resultados.csv
0.05,0.7,plus5,0.0016177087552485,569.0815,18.4121625,resultados.csv
0.1,0.7,plus5,0.0064708350209943,569.0815,36.824325,resultados.csv
0.15,0.7,plus5,0.0145593787972373,569.0815,55.23648750000001,resultados.csv
0.2,0.7,plus5,0.0258833400839774,569.0815,73.64865,resultados.csv
0.25,0.7,plus5,0.0404427188812147,569.0815,92.0608125,resultados.csv
0.3,0.7,plus5,0.0582375151889492,569.0815,110.47297500000002,resultados.csv
0.35,0.7,plus5,0.0792677290071808,569.0815,128.8851375,resultados.csv
0.4,0.7,plus5,0.1035333603359097,569.0815,147.2973,resultados.csv
0.45,0.7,plus5,0.1310344091751357,569.0815,165.7094625,resultados.csv
0.5,0.7,plus5,0.1617708755248589,569.0815,184.121625,resultados.csv
0.55,0.7,plus5,0.1957427593850793,569.0815,202.5337875,resultados.csv
0.6000000000000001,0.7,plus5,0.2329500607557969,569.0815,220.94595000000004,resultados.csv
0.65,0.7,plus5,0.2733927796370116,569.0815,239.3581125,resultados.csv
0.7000000000000001,0.7,plus5,0.3170709160287235,569.0815,257.770275,resultados.csv
0.75,0.7,plus5,0.3639844699309325,569.0815,276.1824375,resultados.csv
0.8,0.7,plus5,0.4141334413436389,569.0815,294.5946,resultados.csv
0.8500000000000001,0.7,plus5,0.4675178302668423,569.0815,313.00676250000004,resultados.csv
0.9,0.7,plus5,0.5241376367005429,569.0815,331.418925,resultados.csv
0.95,0.7,plus5,0.5839928606447408,569.0815,349.8310875,resultados.csv
1.0,0.7,plus5,0.6470835020994357,569.0815,368.24325,resultados.csv
0.0,0.2,tracking_classic,0.0,545.674,0.0,resultados.csv
0.05,0.2,tracking_classic,0.0006795025509736,545.674,7.415737499999999,resultados.csv
0.1,0.2,tracking_classic,0.0027180102038946,545.674,14.831474999999998,resultados.csv
0.15,0.2,tracking_classic,0.0061155229587629,545.674,22.2472125,resultados.csv
0.2,0.2,tracking_classic,0.0108720408155785,545.674,29.662949999999995,resultados.csv
0.25,0.2,tracking_classic,0.0169875637743414,545.674,37.0786875,resultados.csv
0.3,0.2,tracking_classic,0.0244620918350517,545.674,44.494425,resultados.csv
0.35,0.2,tracking_classic,0.0332956249977092,545.674,51.9101625,resultados.csv
0.4,0.2,tracking_classic,0.0434881632623141,545.674,59.32589999999999,resultados.csv
0.45,0.2,tracking_classic,0.0550397066288663,545.674,66.7416375,resultados.csv
0.5,0.2,tracking_classic,0.0679502550973658,545.674,74.15737499999999,resultados.csv
0.55,0.2,tracking_classic,0.0822198086678126,545.674,81.5731125,resultados.csv
0.6000000000000001,0.2,tracking_classic,0.0978483673402068,545.674,88.98885,resultados.csv
0.65,0.2,tracking_classic,0.1148359311145482,545.674,96.4045875,resultados.csv
0.7000000000000001,0.2,tracking_classic,0.133182499990837,545.674,103.820325,resultados.csv
0.75,0.2,tracking_classic,0.152888073969073,545.674,111.23606249999996,resultados.csv
0.8,0.2,tracking_classic,0.1739526530492565,545.674,118.65179999999998,resultados.csv
0.8500000000000001,0.2,tracking_classic,0.1963762372313872,545.674,126.0675375,resultados.csv
0.9,0.2,tracking_classic,0.2201588265154652,545.674,133.483275,resultados.csv
0.95,0.2,tracking_classic,0.2453004209014906,545.674,140.8990125,resultados.csv
1.0,0.2,tracking_classic,0.2718010203894632,545.674,148.31474999999998,resultados.csv
0.0,0.7,plus5,0.0,569.0815,0.0,resultados.csv
0.05,0.7,plus5,0.0016177087552485,569.0815,18.4121625,resultados.csv
0.1,0.7,plus5,0.0064708350209943,569.0815,36.824325,resultados.csv
0.15,0.7,plus5,0.0145593787972373,569.0815,55.23648750000001,resultados.csv
0.2,0.7,plus5,0.0258833400839774,569.0815,73.64865,resultados.csv
0.25,0.7,plus5,0.0404427188812147,569.0815,92.0608125,resultados.csv
0.3,0.7,plus5,0.0582375151889492,569.0815,110.47297500000002,resultados.csv
0.35,0.7,plus5,0.0792677290071808,569.0815,128.8851375,resultados.csv
0.4,0.7,plus5,0.1035333603359097,569.0815,147.2973,resultados.csv
0.45,0.7,plus5,0.1310344091751357,569.0815,165.7094625,resultados.csv
0.5,0.7,plus5,0.1617708755248589,569.0815,184.121625,resultados.csv
0.55,0.7,plus5,0.1957427593850793,569.0815,202.5337875,resultados.csv
0.6000000000000001,0.7,plus5,0.2329500607557969,569.0815,220.94595000000004,resultados.csv
0.65,0.7,plus5,0.2733927796370116,569.0815,239.3581125,resultados.csv
0.7000000000000001,0.7,plus5,0.3170709160287235,569.0815,257.770275,resultados.csv
0.75,0.7,plus5,0.3639844699309325,569.0815,276.1824375,resultados.csv
0.8,0.7,plus5,0.4141334413436389,569.0815,294.5946,resultados.csv
0.8500000000000001,0.7,plus5,0.4675178302668423,569.0815,313.00676250000004,resultados.csv
0.9,0.7,plus5,0.5241376367005429,569.0815,331.418925,resultados.csv
0.95,0.7,plus5,0.5839928606447408,569.0815,349.8310875,resultados.csv
1.0,0.7,plus5,0.6470835020994357,569.0815,368.24325,resultados.csv
0.0,0.7,tracking_classic,0.0,581.7334999999999,0.0,resultados.csv
0.05,0.7,tracking_classic,0.0015735674067249,581.7334999999999,18.3079375,resultados.csv
0.1,0.7,tracking_classic,0.0062942696268996,581.7334999999999,36.615875,resultados.csv
0.15,0.7,tracking_classic,0.0141621066605241,581.7334999999999,54.92381250000001,resultados.csv
0.2,0.7,tracking_classic,0.0251770785075984,581.7334999999999,73.23175,resultados.csv
0.25,0.7,tracking_classic,0.0393391851681225,581.7334999999999,91.5396875,resultados.csv
0.3,0.7,tracking_classic,0.0566484266420964,581.7334999999999,109.84762500000002,resultados.csv
0.35,0.7,tracking_classic,0.0771048029295201,581.7334999999999,128.1555625,resultados.csv
0.4,0.7,tracking_classic,0.1007083140303936,581.7334999999999,146.4635,resultados.csv
0.45,0.7,tracking_classic,0.1274589599447169,581.7334999999999,164.7714375,resultados.csv
0.5,0.7,tracking_classic,0.1573567406724901,581.7334999999999,183.079375,resultados.csv
0.55,0.7,tracking_classic,0.190401656213713,581.7334999999999,201.3873125,resultados.csv
0.6000000000000001,0.7,tracking_classic,0.2265937065683858,581.7334999999999,219.69525000000004,resultados.csv
0.65,0.7,tracking_classic,0.2659328917365082,581.7334999999999,238.0031875,resultados.csv
0.7000000000000001,0.7,tracking_classic,0.3084192117180806,581.7334999999999,256.311125,resultados.csv
0.75,0.7,tracking_classic,0.3540526665131027,581.7334999999999,274.6190625,resultados.csv
0.8,0.7,tracking_classic,0.4028332561215746,581.7334999999999,292.927,resultados.csv
0.8500000000000001,0.7,tracking_classic,0.4547609805434964,581.7334999999999,311.23493750000006,resultados.csv
0.9,0.7,tracking_classic,0.5098358397788679,581.7334999999999,329.542875,resultados.csv
0.95,0.7,tracking_classic,0.5680578338276893,581.7334999999999,347.8508125,resultados.csv
1.0,0.7,tracking_classic,0.6294269626899603,581.7334999999999,366.15875,resultados.csv
0.0,0.2,plus5,0.0,523.7482500000001,0.0,resultados.csv
0.05,0.2,plus5,0.0007722042508017,523.7482500000001,8.088812500000001,resultados.csv
0.1,0.2,plus5,0.0030888170032071,523.7482500000001,16.177625000000003,resultados.csv
0.15,0.2,plus5,0.0069498382572161,523.7482500000001,24.26643750000001,resultados.csv
0.2,0.2,plus5,0.0123552680128286,523.7482500000001,32.355250000000005,resultados.csv
0.25,0.2,plus5,0.0193051062700448,523.7482500000001,40.4440625,resultados.csv
0.3,0.2,plus5,0.0277993530288645,523.7482500000001,48.53287500000001,resultados.csv
0.35,0.2,plus5,0.0378380082892878,523.7482500000001,56.62168750000001,resultados.csv
0.4,0.2,plus5,0.0494210720513147,523.7482500000001,64.71050000000001,resultados.csv
0.45,0.2,plus5,0.0625485443149451,523.7482500000001,72.7993125,resultados.csv
0.5,0.2,plus5,0.0772204250801792,523.7482500000001,80.888125,resultados.csv
0.55,0.2,plus5,0.0934367143470169,523.7482500000001,88.9769375,resultados.csv
0.6000000000000001,0.2,plus5,0.1111974121154581,523.7482500000001,97.06575000000002,resultados.csv
0.65,0.2,plus5,0.1305025183855029,523.7482500000001,105.1545625,resultados.csv
0.7000000000000001,0.2,plus5,0.1513520331571513,523.7482500000001,113.243375,resultados.csv
0.75,0.2,plus5,0.1737459564304033,523.7482500000001,121.3321875,resultados.csv
0.8,0.2,plus5,0.1976842882052589,523.7482500000001,129.42100000000002,resultados.csv
0.8500000000000001,0.2,plus5,0.223167028481718,523.7482500000001,137.5098125,resultados.csv
0.9,0.2,plus5,0.2501941772597807,523.7482500000001,145.598625,resultados.csv
0.95,0.2,plus5,0.2787657345394471,523.7482500000001,153.68743750000002,resultados.csv
1.0,0.2,plus5,0.308881700320717,523.7482500000001,161.77625,resultados.csv
0.0,0.7,tracking_classic,0.0,581.7334999999999,0.0,resultados.csv
0.05,0.7,tracking_classic,0.0015735674067249,581.7334999999999,18.3079375,resultados.csv
0.1,0.7,tracking_classic,0.0062942696268996,581.7334999999999,36.615875,resultados.csv
0.15,0.7,tracking_classic,0.0141621066605241,581.7334999999999,54.92381250000001,resultados.csv
0.2,0.7,tracking_classic,0.0251770785075984,581.7334999999999,73.23175,resultados.csv
0.25,0.7,tracking_classic,0.0393391851681225,581.7334999999999,91.5396875,resultados.csv
0.3,0.7,tracking_classic,0.0566484266420964,581.7334999999999,109.84762500000002,resultados.csv
0.35,0.7,tracking_classic,0.0771048029295201,581.7334999999999,128.1555625,resultados.csv
0.4,0.7,tracking_classic,0.1007083140303936,581.7334999999999,146.4635,resultados.csv
0.45,0.7,tracking_classic,0.1274589599447169,581.7334999999999,164.7714375,resultados.csv
0.5,0.7,tracking_classic,0.1573567406724901,581.7334999999999,183.079375,resultados.csv
0.55,0.7,tracking_classic,0.190401656213713,581.7334999999999,201.3873125,resultados.csv
0.6000000000000001,0.7,tracking_classic,0.2265937065683858,581.7334999999999,219.69525000000004,resultados.csv
0.65,0.7,tracking_classic,0.2659328917365082,581.7334999999999,238.0031875,resultados.csv
0.7000000000000001,0.7,tracking_classic,0.3084192117180806,581.7334999999999,256.311125,resultados.csv
0.75,0.7,tracking_classic,0.3540526665131027,581.7334999999999,274.6190625,resultados.csv
0.8,0.7,tracking_classic,0.4028332561215746,581.7334999999999,292.927,resultados.csv
0.8500000000000001,0.7,tracking_classic,0.4547609805434964,581.7334999999999,311.23493750000006,resultados.csv
0.9,0.7,tracking_classic,0.5098358397788679,581.7334999999999,329.542875,resultados.csv
0.95,0.7,tracking_classic,0.5680578338276893,581.7334999999999,347.8508125,resultados.csv
1.0,0.7,tracking_classic,0.6294269626899603,581.7334999999999,366.15875,resultados.csv
0.0,0.5,plus5,0.0,552.74825,0.0,resultados.csv
0.05,0.5,plus5,0.0012993121190342,552.74825,14.36385,resultados.csv
0.1,0.5,plus5,0.0051972484761371,552.74825,28.7277,resultados.csv
0.15,0.5,plus5,0.0116938090713086,552.74825,43.091550000000005,resultados.csv
0.2,0.5,plus5,0.0207889939045487,552.74825,57.4554,resultados.csv
0.25,0.5,plus5,0.0324828029758574,552.74825,71.81925,resultados.csv
0.3,0.5,plus5,0.0467752362852347,552.74825,86.18310000000001,resultados.csv
0.35,0.5,plus5,0.0636662938326806,552.74825,100.54695,resultados.csv
0.4,0.5,plus5,0.083155975618195,552.74825,114.9108,resultados.csv
0.45,0.5,plus5,0.1052442816417781,552.74825,129.27465,resultados.csv
0.5,0.5,plus5,0.1299312119034298,552.74825,143.6385,resultados.csv
0.55,0.5,plus5,0.1572167664031501,552.74825,158.00235,resultados.csv
0.6000000000000001,0.5,plus5,0.187100945140939,552.74825,172.36620000000002,resultados.csv
0.65,0.5,plus5,0.2195837481167964,552.74825,186.73005,resultados.csv
0.7000000000000001,0.5,plus5,0.2546651753307224,552.74825,201.0939,resultados.csv
0.75,0.5,plus5,0.292345226782717,552.74825,215.45775,resultados.csv
0.8,0.5,plus5,0.3326239024727803,552.74825,229.8216,resultados.csv
0.8500000000000001,0.5,plus5,0.3755012024009122,552.74825,244.18545,resultados.csv
0.9,0.5,plus5,0.4209771265671126,552.74825,258.5493,resultados.csv
0.95,0.5,plus5,0.4690516749713818,552.74825,272.91315000000003,resultados.csv
1.0,0.5,plus5,0.5197248476137193,552.74825,287.277,resultados.csv
0.0,0.7,tracking_classic,0.0,581.7334999999999,0.0,resultados.csv
0.05,0.7,tracking_classic,0.0015735674067249,581.7334999999999,18.3079375,resultados.csv
0.1,0.7,tracking_classic,0.0062942696268996,581.7334999999999,36.615875,resultados.csv
0.15,0.7,tracking_classic,0.0141621066605241,581.7334999999999,54.92381250000001,resultados.csv
0.2,0.7,tracking_classic,0.0251770785075984,581.7334999999999,73.23175,resultados.csv
0.25,0.7,tracking_classic,0.0393391851681225,581.7334999999999,91.5396875,resultados.csv
0.3,0.7,tracking_classic,0.0566484266420964,581.7334999999999,109.84762500000002,resultados.csv
0.35,0.7,tracking_classic,0.0771048029295201,581.7334999999999,128.1555625,resultados.csv
0.4,0.7,tracking_classic,0.1007083140303936,581.7334999999999,146.4635,resultados.csv
0.45,0.7,tracking_classic,0.1274589599447169,581.7334999999999,164.7714375,resultados.csv
0.5,0.7,tracking_classic,0.1573567406724901,581.7334999999999,183.079375,resultados.csv
0.55,0.7,tracking_classic,0.190401656213713,581.7334999999999,201.3873125,resultados.csv
0.6000000000000001,0.7,tracking_classic,0.2265937065683858,581.7334999999999,219.69525000000004,resultados.csv
0.65,0.7,tracking_classic,0.2659328917365082,581.7334999999999,238.0031875,resultados.csv
0.7000000000000001,0.7,tracking_classic,0.3084192117180806,581.7334999999999,256.311125,resultados.csv
0.75,0.7,tracking_classic,0.3540526665131027,581.7334999999999,274.6190625,resultados.csv
0.8,0.7,tracking_classic,0.4028332561215746,581.7334999999999,292.927,resultados.csv
0.8500000000000001,0.7,tracking_classic,0.4547609805434964,581.7334999999999,311.23493750000006,resultados.csv
0.9,0.7,tracking_classic,0.5098358397788679,581.7334999999999,329.542875,resultados.csv
0.95,0.7,tracking_classic,0.5680578338276893,581.7334999999999,347.8508125,resultados.csv
1.0,0.7,tracking_classic,0.6294269626899603,581.7334999999999,366.15875,resultados.csv
0.0,0.3,plus5,0.0,532.29125,0.0,resultados.csv
0.05,0.3,plus5,0.0009488179638496,532.29125,10.10095,resultados.csv
0.1,0.3,plus5,0.0037952718553987,532.29125,20.2019,resultados.csv
0.15,0.3,plus5,0.0085393616746471,532.29125,30.302850000000007,resultados.csv
0.2,0.3,plus5,0.0151810874215948,532.29125,40.4038,resultados.csv
0.25,0.3,plus5,0.0237204490962419,532.29125,50.50475,resultados.csv
0.3,0.3,plus5,0.0341574466985884,532.29125,60.60570000000001,resultados.csv
0.35,0.3,plus5,0.0464920802286342,532.29125,70.70665000000001,resultados.csv
0.4,0.3,plus5,0.0607243496863794,532.29125,80.80760000000001,resultados.csv
0.45,0.3,plus5,0.0768542550718239,532.29125,90.90855,resultados.csv
0.5,0.3,plus5,0.0948817963849678,532.29125,101.0095,resultados.csv
0.55,0.3,plus5,0.114806973625811,532.29125,111.11045,resultados.csv
0.6000000000000001,0.3,plus5,0.1366297867943537,532.29125,121.21140000000004,resultados.csv
0.65,0.3,plus5,0.1603502358905956,532.29125,131.31235,resultados.csv
0.7000000000000001,0.3,plus5,0.1859683209145369,532.29125,141.41330000000002,resultados.csv
0.75,0.3,plus5,0.2134840418661776,532.29125,151.51425,resultados.csv
0.8,0.3,plus5,0.2428973987455176,532.29125,161.61520000000002,resultados.csv
0.8500000000000001,0.3,plus5,0.274208391552557,532.29125,171.71615000000003,resultados.csv
0.9,0.3,plus5,0.3074170202872957,532.29125,181.8171,resultados.csv
0.95,0.3,plus5,0.3425232849497339,532.29125,191.91805,resultados.csv
1.0,0.3,plus5,0.3795271855398713,532.29125,202.019,resultados.csv
0.0,0.7,tracking_classic,0.0,581.7334999999999,0.0,resultados.csv
0.05,0.7,tracking_classic,0.0015735674067249,581.7334999999999,18.3079375,resultados.csv
0.1,0.7,tracking_classic,0.0062942696268996,581.7334999999999,36.615875,resultados.csv
0.15,0.7,tracking_classic,0.0141621066605241,581.7334999999999,54.92381250000001,resultados.csv
0.2,0.7,tracking_classic,0.0251770785075984,581.7334999999999,73.23175,resultados.csv
0.25,0.7,tracking_classic,0.0393391851681225,581.7334999999999,91.5396875,resultados.csv
0.3,0.7,tracking_classic,0.0566484266420964,581.7334999999999,109.84762500000002,resultados.csv
0.35,0.7,tracking_classic,0.0771048029295201,581.7334999999999,128.1555625,resultados.csv
0.4,0.7,tracking_classic,0.1007083140303936,581.7334999999999,146.4635,resultados.csv
0.45,0.7,tracking_classic,0.1274589599447169,581.7334999999999,164.7714375,resultados.csv
0.5,0.7,tracking_classic,0.1573567406724901,581.7334999999999,183.079375,resultados.csv
0.55,0.7,tracking_classic,0.190401656213713,581.7334999999999,201.3873125,resultados.csv
0.6000000000000001,0.7,tracking_classic,0.2265937065683858,581.7334999999999,219.69525000000004,resultados.csv
0.65,0.7,tracking_classic,0.2659328917365082,581.7334999999999,238.0031875,resultados.csv
0.7000000000000001,0.7,tracking_classic,0.3084192117180806,581.7334999999999,256.311125,resultados.csv
0.75,0.7,tracking_classic,0.3540526665131027,581.7334999999999,274.6190625,resultados.csv
0.8,0.7,tracking_classic,0.4028332561215746,581.7334999999999,292.927,resultados.csv
0.8500000000000001,0.7,tracking_classic,0.4547609805434964,581.7334999999999,311.23493750000006,resultados.csv
0.9,0.7,tracking_classic,0.5098358397788679,581.7334999999999,329.542875,resultados.csv
0.95,0.7,tracking_classic,0.5680578338276893,581.7334999999999,347.8508125,resultados.csv
1.0,0.7,tracking_classic,0.6294269626899603,581.7334999999999,366.15875,resultados.csv
